{
  "dataset_revision": "c22ab2a51041ffd869aaddef7af8d8215647e41a",
  "task_name": "Aizip_Tesla_Manual",
  "mteb_version": "1.34.13",
  "scores": {
    "test": [
      {
        "ndcg_at_1": 0.60336,
        "ndcg_at_3": 0.74394,
        "ndcg_at_5": 0.7734,
        "ndcg_at_10": 0.78787,
        "ndcg_at_20": 0.79358,
        "ndcg_at_100": 0.79758,
        "ndcg_at_1000": 0.79775,
        "map_at_1": 0.60336,
        "map_at_3": 0.71029,
        "map_at_5": 0.72673,
        "map_at_10": 0.73278,
        "map_at_20": 0.73441,
        "map_at_100": 0.73506,
        "map_at_1000": 0.73507,
        "recall_at_1": 0.60336,
        "recall_at_3": 0.84094,
        "recall_at_5": 0.91208,
        "recall_at_10": 0.95638,
        "recall_at_20": 0.97852,
        "recall_at_100": 0.99866,
        "recall_at_1000": 1.0,
        "precision_at_1": 0.60336,
        "precision_at_3": 0.28031,
        "precision_at_5": 0.18242,
        "precision_at_10": 0.09564,
        "precision_at_20": 0.04893,
        "precision_at_100": 0.00999,
        "precision_at_1000": 0.001,
        "mrr_at_1": 0.603356,
        "mrr_at_3": 0.710291,
        "mrr_at_5": 0.726734,
        "mrr_at_10": 0.732785,
        "mrr_at_20": 0.73441,
        "mrr_at_100": 0.735062,
        "mrr_at_1000": 0.735068,
        "nauc_ndcg_at_1_max": 0.187556,
        "nauc_ndcg_at_1_std": -0.208404,
        "nauc_ndcg_at_1_diff1": 0.576291,
        "nauc_ndcg_at_3_max": 0.251688,
        "nauc_ndcg_at_3_std": -0.273637,
        "nauc_ndcg_at_3_diff1": 0.566881,
        "nauc_ndcg_at_5_max": 0.247486,
        "nauc_ndcg_at_5_std": -0.283232,
        "nauc_ndcg_at_5_diff1": 0.569157,
        "nauc_ndcg_at_10_max": 0.23975,
        "nauc_ndcg_at_10_std": -0.2841,
        "nauc_ndcg_at_10_diff1": 0.575126,
        "nauc_ndcg_at_20_max": 0.240329,
        "nauc_ndcg_at_20_std": -0.271789,
        "nauc_ndcg_at_20_diff1": 0.575629,
        "nauc_ndcg_at_100_max": 0.232379,
        "nauc_ndcg_at_100_std": -0.255303,
        "nauc_ndcg_at_100_diff1": 0.571943,
        "nauc_ndcg_at_1000_max": 0.231586,
        "nauc_ndcg_at_1000_std": -0.256138,
        "nauc_ndcg_at_1000_diff1": 0.571658,
        "nauc_map_at_1_max": 0.187556,
        "nauc_map_at_1_std": -0.208404,
        "nauc_map_at_1_diff1": 0.576291,
        "nauc_map_at_3_max": 0.232187,
        "nauc_map_at_3_std": -0.250578,
        "nauc_map_at_3_diff1": 0.567604,
        "nauc_map_at_5_max": 0.229472,
        "nauc_map_at_5_std": -0.253539,
        "nauc_map_at_5_diff1": 0.568875,
        "nauc_map_at_10_max": 0.226089,
        "nauc_map_at_10_std": -0.253471,
        "nauc_map_at_10_diff1": 0.571014,
        "nauc_map_at_20_max": 0.226238,
        "nauc_map_at_20_std": -0.250431,
        "nauc_map_at_20_diff1": 0.571134,
        "nauc_map_at_100_max": 0.225328,
        "nauc_map_at_100_std": -0.24806,
        "nauc_map_at_100_diff1": 0.570676,
        "nauc_map_at_1000_max": 0.225304,
        "nauc_map_at_1000_std": -0.248085,
        "nauc_map_at_1000_diff1": 0.570669,
        "nauc_recall_at_1_max": 0.187556,
        "nauc_recall_at_1_std": -0.208404,
        "nauc_recall_at_1_diff1": 0.576291,
        "nauc_recall_at_3_max": 0.341183,
        "nauc_recall_at_3_std": -0.381641,
        "nauc_recall_at_3_diff1": 0.565011,
        "nauc_recall_at_5_max": 0.377934,
        "nauc_recall_at_5_std": -0.511147,
        "nauc_recall_at_5_diff1": 0.574076,
        "nauc_recall_at_10_max": 0.421461,
        "nauc_recall_at_10_std": -0.7416,
        "nauc_recall_at_10_diff1": 0.649953,
        "nauc_recall_at_20_max": 0.617545,
        "nauc_recall_at_20_std": -0.836134,
        "nauc_recall_at_20_diff1": 0.73954,
        "nauc_recall_at_100_max": 1.0,
        "nauc_recall_at_100_std": 0.554155,
        "nauc_recall_at_100_diff1": 0.861111,
        "nauc_recall_at_1000_max": NaN,
        "nauc_recall_at_1000_std": NaN,
        "nauc_recall_at_1000_diff1": NaN,
        "nauc_precision_at_1_max": 0.187556,
        "nauc_precision_at_1_std": -0.208404,
        "nauc_precision_at_1_diff1": 0.576291,
        "nauc_precision_at_3_max": 0.341183,
        "nauc_precision_at_3_std": -0.381641,
        "nauc_precision_at_3_diff1": 0.565011,
        "nauc_precision_at_5_max": 0.377934,
        "nauc_precision_at_5_std": -0.511147,
        "nauc_precision_at_5_diff1": 0.574076,
        "nauc_precision_at_10_max": 0.421461,
        "nauc_precision_at_10_std": -0.7416,
        "nauc_precision_at_10_diff1": 0.649953,
        "nauc_precision_at_20_max": 0.617545,
        "nauc_precision_at_20_std": -0.836134,
        "nauc_precision_at_20_diff1": 0.73954,
        "nauc_precision_at_100_max": 1.0,
        "nauc_precision_at_100_std": 0.554155,
        "nauc_precision_at_100_diff1": 0.861111,
        "nauc_precision_at_1000_max": 1.0,
        "nauc_precision_at_1000_std": 1.0,
        "nauc_precision_at_1000_diff1": 1.0,
        "nauc_mrr_at_1_max": 0.187556,
        "nauc_mrr_at_1_std": -0.208404,
        "nauc_mrr_at_1_diff1": 0.576291,
        "nauc_mrr_at_3_max": 0.232187,
        "nauc_mrr_at_3_std": -0.250578,
        "nauc_mrr_at_3_diff1": 0.567604,
        "nauc_mrr_at_5_max": 0.229472,
        "nauc_mrr_at_5_std": -0.253539,
        "nauc_mrr_at_5_diff1": 0.568875,
        "nauc_mrr_at_10_max": 0.226089,
        "nauc_mrr_at_10_std": -0.253471,
        "nauc_mrr_at_10_diff1": 0.571014,
        "nauc_mrr_at_20_max": 0.226238,
        "nauc_mrr_at_20_std": -0.250431,
        "nauc_mrr_at_20_diff1": 0.571134,
        "nauc_mrr_at_100_max": 0.225328,
        "nauc_mrr_at_100_std": -0.24806,
        "nauc_mrr_at_100_diff1": 0.570676,
        "nauc_mrr_at_1000_max": 0.225304,
        "nauc_mrr_at_1000_std": -0.248085,
        "nauc_mrr_at_1000_diff1": 0.570669,
        "main_score": 0.78787,
        "hf_subset": "default",
        "languages": [
          "eng-Latn"
        ]
      }
    ]
  },
  "evaluation_time": 10.450687170028687,
  "kg_co2_emissions": null
}