{
  "dataset_revision": "c22ab2a51041ffd869aaddef7af8d8215647e41a",
  "task_name": "Aizip_Tesla_Manual",
  "mteb_version": "1.34.13",
  "scores": {
    "test": [
      {
        "ndcg_at_1": 0.61611,
        "ndcg_at_3": 0.75322,
        "ndcg_at_5": 0.77965,
        "ndcg_at_10": 0.79493,
        "ndcg_at_20": 0.80005,
        "ndcg_at_100": 0.80408,
        "ndcg_at_1000": 0.80426,
        "map_at_1": 0.61611,
        "map_at_3": 0.72025,
        "map_at_5": 0.73501,
        "map_at_10": 0.7415,
        "map_at_20": 0.74292,
        "map_at_100": 0.74359,
        "map_at_1000": 0.7436,
        "recall_at_1": 0.61611,
        "recall_at_3": 0.84832,
        "recall_at_5": 0.91208,
        "recall_at_10": 0.95839,
        "recall_at_20": 0.97852,
        "recall_at_100": 0.99866,
        "recall_at_1000": 1.0,
        "precision_at_1": 0.61611,
        "precision_at_3": 0.28277,
        "precision_at_5": 0.18242,
        "precision_at_10": 0.09584,
        "precision_at_20": 0.04893,
        "precision_at_100": 0.00999,
        "precision_at_1000": 0.001,
        "mrr_at_1": 0.616107,
        "mrr_at_3": 0.720246,
        "mrr_at_5": 0.735011,
        "mrr_at_10": 0.741499,
        "mrr_at_20": 0.742918,
        "mrr_at_100": 0.743591,
        "mrr_at_1000": 0.743598,
        "nauc_ndcg_at_1_max": 0.200941,
        "nauc_ndcg_at_1_std": -0.193126,
        "nauc_ndcg_at_1_diff1": 0.592043,
        "nauc_ndcg_at_3_max": 0.27067,
        "nauc_ndcg_at_3_std": -0.252442,
        "nauc_ndcg_at_3_diff1": 0.588811,
        "nauc_ndcg_at_5_max": 0.276161,
        "nauc_ndcg_at_5_std": -0.266298,
        "nauc_ndcg_at_5_diff1": 0.58667,
        "nauc_ndcg_at_10_max": 0.267388,
        "nauc_ndcg_at_10_std": -0.255678,
        "nauc_ndcg_at_10_diff1": 0.587986,
        "nauc_ndcg_at_20_max": 0.265648,
        "nauc_ndcg_at_20_std": -0.24478,
        "nauc_ndcg_at_20_diff1": 0.589458,
        "nauc_ndcg_at_100_max": 0.254864,
        "nauc_ndcg_at_100_std": -0.232708,
        "nauc_ndcg_at_100_diff1": 0.586813,
        "nauc_ndcg_at_1000_max": 0.254072,
        "nauc_ndcg_at_1000_std": -0.233337,
        "nauc_ndcg_at_1000_diff1": 0.586949,
        "nauc_map_at_1_max": 0.200941,
        "nauc_map_at_1_std": -0.193126,
        "nauc_map_at_1_diff1": 0.592043,
        "nauc_map_at_3_max": 0.249664,
        "nauc_map_at_3_std": -0.229728,
        "nauc_map_at_3_diff1": 0.586731,
        "nauc_map_at_5_max": 0.251829,
        "nauc_map_at_5_std": -0.234235,
        "nauc_map_at_5_diff1": 0.58551,
        "nauc_map_at_10_max": 0.247956,
        "nauc_map_at_10_std": -0.230442,
        "nauc_map_at_10_diff1": 0.586186,
        "nauc_map_at_20_max": 0.24764,
        "nauc_map_at_20_std": -0.22772,
        "nauc_map_at_20_diff1": 0.586737,
        "nauc_map_at_100_max": 0.246256,
        "nauc_map_at_100_std": -0.226048,
        "nauc_map_at_100_diff1": 0.586343,
        "nauc_map_at_1000_max": 0.246231,
        "nauc_map_at_1000_std": -0.226067,
        "nauc_map_at_1000_diff1": 0.586352,
        "nauc_recall_at_1_max": 0.200941,
        "nauc_recall_at_1_std": -0.193126,
        "nauc_recall_at_1_diff1": 0.592043,
        "nauc_recall_at_3_max": 0.368442,
        "nauc_recall_at_3_std": -0.36154,
        "nauc_recall_at_3_diff1": 0.60062,
        "nauc_recall_at_5_max": 0.451786,
        "nauc_recall_at_5_std": -0.511383,
        "nauc_recall_at_5_diff1": 0.598082,
        "nauc_recall_at_10_max": 0.540661,
        "nauc_recall_at_10_std": -0.628678,
        "nauc_recall_at_10_diff1": 0.620252,
        "nauc_recall_at_20_max": 0.729035,
        "nauc_recall_at_20_std": -0.656936,
        "nauc_recall_at_20_diff1": 0.677915,
        "nauc_recall_at_100_max": 1.0,
        "nauc_recall_at_100_std": 0.358077,
        "nauc_recall_at_100_diff1": 0.496032,
        "nauc_recall_at_1000_max": NaN,
        "nauc_recall_at_1000_std": NaN,
        "nauc_recall_at_1000_diff1": NaN,
        "nauc_precision_at_1_max": 0.200941,
        "nauc_precision_at_1_std": -0.193126,
        "nauc_precision_at_1_diff1": 0.592043,
        "nauc_precision_at_3_max": 0.368442,
        "nauc_precision_at_3_std": -0.36154,
        "nauc_precision_at_3_diff1": 0.60062,
        "nauc_precision_at_5_max": 0.451786,
        "nauc_precision_at_5_std": -0.511383,
        "nauc_precision_at_5_diff1": 0.598082,
        "nauc_precision_at_10_max": 0.540661,
        "nauc_precision_at_10_std": -0.628678,
        "nauc_precision_at_10_diff1": 0.620252,
        "nauc_precision_at_20_max": 0.729035,
        "nauc_precision_at_20_std": -0.656936,
        "nauc_precision_at_20_diff1": 0.677915,
        "nauc_precision_at_100_max": 1.0,
        "nauc_precision_at_100_std": 0.358077,
        "nauc_precision_at_100_diff1": 0.496032,
        "nauc_precision_at_1000_max": 1.0,
        "nauc_precision_at_1000_std": 1.0,
        "nauc_precision_at_1000_diff1": 1.0,
        "nauc_mrr_at_1_max": 0.200941,
        "nauc_mrr_at_1_std": -0.193126,
        "nauc_mrr_at_1_diff1": 0.592043,
        "nauc_mrr_at_3_max": 0.249664,
        "nauc_mrr_at_3_std": -0.229728,
        "nauc_mrr_at_3_diff1": 0.586731,
        "nauc_mrr_at_5_max": 0.251829,
        "nauc_mrr_at_5_std": -0.234235,
        "nauc_mrr_at_5_diff1": 0.58551,
        "nauc_mrr_at_10_max": 0.247956,
        "nauc_mrr_at_10_std": -0.230442,
        "nauc_mrr_at_10_diff1": 0.586186,
        "nauc_mrr_at_20_max": 0.24764,
        "nauc_mrr_at_20_std": -0.22772,
        "nauc_mrr_at_20_diff1": 0.586737,
        "nauc_mrr_at_100_max": 0.246256,
        "nauc_mrr_at_100_std": -0.226048,
        "nauc_mrr_at_100_diff1": 0.586343,
        "nauc_mrr_at_1000_max": 0.246231,
        "nauc_mrr_at_1000_std": -0.226067,
        "nauc_mrr_at_1000_diff1": 0.586352,
        "main_score": 0.79493,
        "hf_subset": "default",
        "languages": [
          "eng-Latn"
        ]
      }
    ]
  },
  "evaluation_time": 8.926932096481323,
  "kg_co2_emissions": null
}