{
  "dataset_revision": "c22ab2a51041ffd869aaddef7af8d8215647e41a",
  "task_name": "Aizip_Tesla_Manual",
  "mteb_version": "1.34.13",
  "scores": {
    "test": [
      {
        "ndcg_at_1": 0.45101,
        "ndcg_at_3": 0.58788,
        "ndcg_at_5": 0.6235,
        "ndcg_at_10": 0.65342,
        "ndcg_at_20": 0.66883,
        "ndcg_at_100": 0.68194,
        "ndcg_at_1000": 0.6836,
        "map_at_1": 0.45101,
        "map_at_3": 0.55526,
        "map_at_5": 0.57516,
        "map_at_10": 0.58774,
        "map_at_20": 0.59205,
        "map_at_100": 0.59402,
        "map_at_1000": 0.5941,
        "recall_at_1": 0.45101,
        "recall_at_3": 0.68188,
        "recall_at_5": 0.76779,
        "recall_at_10": 0.85906,
        "recall_at_20": 0.91946,
        "recall_at_100": 0.98792,
        "recall_at_1000": 1.0,
        "precision_at_1": 0.45101,
        "precision_at_3": 0.22729,
        "precision_at_5": 0.15356,
        "precision_at_10": 0.08591,
        "precision_at_20": 0.04597,
        "precision_at_100": 0.00988,
        "precision_at_1000": 0.001,
        "mrr_at_1": 0.451007,
        "mrr_at_3": 0.555257,
        "mrr_at_5": 0.575157,
        "mrr_at_10": 0.58774,
        "mrr_at_20": 0.592046,
        "mrr_at_100": 0.594016,
        "mrr_at_1000": 0.594096,
        "nauc_ndcg_at_1_max": 0.119863,
        "nauc_ndcg_at_1_std": -0.216207,
        "nauc_ndcg_at_1_diff1": 0.496613,
        "nauc_ndcg_at_3_max": 0.157802,
        "nauc_ndcg_at_3_std": -0.227494,
        "nauc_ndcg_at_3_diff1": 0.438005,
        "nauc_ndcg_at_5_max": 0.156494,
        "nauc_ndcg_at_5_std": -0.233752,
        "nauc_ndcg_at_5_diff1": 0.431722,
        "nauc_ndcg_at_10_max": 0.162968,
        "nauc_ndcg_at_10_std": -0.23085,
        "nauc_ndcg_at_10_diff1": 0.444934,
        "nauc_ndcg_at_20_max": 0.160471,
        "nauc_ndcg_at_20_std": -0.229188,
        "nauc_ndcg_at_20_diff1": 0.447182,
        "nauc_ndcg_at_100_max": 0.156762,
        "nauc_ndcg_at_100_std": -0.224819,
        "nauc_ndcg_at_100_diff1": 0.451802,
        "nauc_ndcg_at_1000_max": 0.152564,
        "nauc_ndcg_at_1000_std": -0.225968,
        "nauc_ndcg_at_1000_diff1": 0.451822,
        "nauc_map_at_1_max": 0.119863,
        "nauc_map_at_1_std": -0.216207,
        "nauc_map_at_1_diff1": 0.496613,
        "nauc_map_at_3_max": 0.14739,
        "nauc_map_at_3_std": -0.225005,
        "nauc_map_at_3_diff1": 0.453275,
        "nauc_map_at_5_max": 0.146189,
        "nauc_map_at_5_std": -0.228293,
        "nauc_map_at_5_diff1": 0.450785,
        "nauc_map_at_10_max": 0.148315,
        "nauc_map_at_10_std": -0.226722,
        "nauc_map_at_10_diff1": 0.456067,
        "nauc_map_at_20_max": 0.14741,
        "nauc_map_at_20_std": -0.226227,
        "nauc_map_at_20_diff1": 0.456498,
        "nauc_map_at_100_max": 0.146819,
        "nauc_map_at_100_std": -0.225458,
        "nauc_map_at_100_diff1": 0.457189,
        "nauc_map_at_1000_max": 0.146652,
        "nauc_map_at_1000_std": -0.225503,
        "nauc_map_at_1000_diff1": 0.457161,
        "nauc_recall_at_1_max": 0.119863,
        "nauc_recall_at_1_std": -0.216207,
        "nauc_recall_at_1_diff1": 0.496613,
        "nauc_recall_at_3_max": 0.1935,
        "nauc_recall_at_3_std": -0.235735,
        "nauc_recall_at_3_diff1": 0.386041,
        "nauc_recall_at_5_max": 0.199664,
        "nauc_recall_at_5_std": -0.257252,
        "nauc_recall_at_5_diff1": 0.350724,
        "nauc_recall_at_10_max": 0.259671,
        "nauc_recall_at_10_std": -0.257076,
        "nauc_recall_at_10_diff1": 0.385208,
        "nauc_recall_at_20_max": 0.299751,
        "nauc_recall_at_20_std": -0.256828,
        "nauc_recall_at_20_diff1": 0.377474,
        "nauc_recall_at_100_max": 0.73353,
        "nauc_recall_at_100_std": -0.067383,
        "nauc_recall_at_100_diff1": 0.416952,
        "nauc_recall_at_1000_max": NaN,
        "nauc_recall_at_1000_std": NaN,
        "nauc_recall_at_1000_diff1": NaN,
        "nauc_precision_at_1_max": 0.119863,
        "nauc_precision_at_1_std": -0.216207,
        "nauc_precision_at_1_diff1": 0.496613,
        "nauc_precision_at_3_max": 0.1935,
        "nauc_precision_at_3_std": -0.235735,
        "nauc_precision_at_3_diff1": 0.386041,
        "nauc_precision_at_5_max": 0.199664,
        "nauc_precision_at_5_std": -0.257252,
        "nauc_precision_at_5_diff1": 0.350724,
        "nauc_precision_at_10_max": 0.259671,
        "nauc_precision_at_10_std": -0.257076,
        "nauc_precision_at_10_diff1": 0.385208,
        "nauc_precision_at_20_max": 0.299751,
        "nauc_precision_at_20_std": -0.256828,
        "nauc_precision_at_20_diff1": 0.377474,
        "nauc_precision_at_100_max": 0.73353,
        "nauc_precision_at_100_std": -0.067383,
        "nauc_precision_at_100_diff1": 0.416952,
        "nauc_precision_at_1000_max": 1.0,
        "nauc_precision_at_1000_std": 1.0,
        "nauc_precision_at_1000_diff1": 1.0,
        "nauc_mrr_at_1_max": 0.119863,
        "nauc_mrr_at_1_std": -0.216207,
        "nauc_mrr_at_1_diff1": 0.496613,
        "nauc_mrr_at_3_max": 0.14739,
        "nauc_mrr_at_3_std": -0.225005,
        "nauc_mrr_at_3_diff1": 0.453275,
        "nauc_mrr_at_5_max": 0.146189,
        "nauc_mrr_at_5_std": -0.228293,
        "nauc_mrr_at_5_diff1": 0.450785,
        "nauc_mrr_at_10_max": 0.148315,
        "nauc_mrr_at_10_std": -0.226722,
        "nauc_mrr_at_10_diff1": 0.456067,
        "nauc_mrr_at_20_max": 0.14741,
        "nauc_mrr_at_20_std": -0.226227,
        "nauc_mrr_at_20_diff1": 0.456498,
        "nauc_mrr_at_100_max": 0.146819,
        "nauc_mrr_at_100_std": -0.225458,
        "nauc_mrr_at_100_diff1": 0.457189,
        "nauc_mrr_at_1000_max": 0.146652,
        "nauc_mrr_at_1000_std": -0.225503,
        "nauc_mrr_at_1000_diff1": 0.457161,
        "main_score": 0.65342,
        "hf_subset": "default",
        "languages": [
          "eng-Latn"
        ]
      }
    ]
  },
  "evaluation_time": 6.949390172958374,
  "kg_co2_emissions": null
}