{
  "dataset_revision": "c22ab2a51041ffd869aaddef7af8d8215647e41a",
  "task_name": "Aizip_Tesla_Manual",
  "mteb_version": "1.34.13",
  "scores": {
    "test": [
      {
        "ndcg_at_1": 0.51342,
        "ndcg_at_3": 0.65596,
        "ndcg_at_5": 0.69143,
        "ndcg_at_10": 0.71414,
        "ndcg_at_20": 0.72643,
        "ndcg_at_100": 0.73383,
        "ndcg_at_1000": 0.73447,
        "map_at_1": 0.51342,
        "map_at_3": 0.62204,
        "map_at_5": 0.64177,
        "map_at_10": 0.65134,
        "map_at_20": 0.65476,
        "map_at_100": 0.65589,
        "map_at_1000": 0.65592,
        "recall_at_1": 0.51342,
        "recall_at_3": 0.75369,
        "recall_at_5": 0.8396,
        "recall_at_10": 0.90872,
        "recall_at_20": 0.95705,
        "recall_at_100": 0.9953,
        "recall_at_1000": 1.0,
        "precision_at_1": 0.51342,
        "precision_at_3": 0.25123,
        "precision_at_5": 0.16792,
        "precision_at_10": 0.09087,
        "precision_at_20": 0.04785,
        "precision_at_100": 0.00995,
        "precision_at_1000": 0.001,
        "mrr_at_1": 0.513423,
        "mrr_at_3": 0.622036,
        "mrr_at_5": 0.641767,
        "mrr_at_10": 0.65134,
        "mrr_at_20": 0.654759,
        "mrr_at_100": 0.655889,
        "mrr_at_1000": 0.655921,
        "nauc_ndcg_at_1_max": 0.129982,
        "nauc_ndcg_at_1_std": -0.229662,
        "nauc_ndcg_at_1_diff1": 0.500104,
        "nauc_ndcg_at_3_max": 0.170359,
        "nauc_ndcg_at_3_std": -0.263508,
        "nauc_ndcg_at_3_diff1": 0.464163,
        "nauc_ndcg_at_5_max": 0.16978,
        "nauc_ndcg_at_5_std": -0.277339,
        "nauc_ndcg_at_5_diff1": 0.460855,
        "nauc_ndcg_at_10_max": 0.161843,
        "nauc_ndcg_at_10_std": -0.276713,
        "nauc_ndcg_at_10_diff1": 0.467892,
        "nauc_ndcg_at_20_max": 0.160574,
        "nauc_ndcg_at_20_std": -0.271289,
        "nauc_ndcg_at_20_diff1": 0.474191,
        "nauc_ndcg_at_100_max": 0.159778,
        "nauc_ndcg_at_100_std": -0.262983,
        "nauc_ndcg_at_100_diff1": 0.471367,
        "nauc_ndcg_at_1000_max": 0.157772,
        "nauc_ndcg_at_1000_std": -0.263213,
        "nauc_ndcg_at_1000_diff1": 0.47293,
        "nauc_map_at_1_max": 0.129982,
        "nauc_map_at_1_std": -0.229662,
        "nauc_map_at_1_diff1": 0.500104,
        "nauc_map_at_3_max": 0.158296,
        "nauc_map_at_3_std": -0.254717,
        "nauc_map_at_3_diff1": 0.472771,
        "nauc_map_at_5_max": 0.157222,
        "nauc_map_at_5_std": -0.261447,
        "nauc_map_at_5_diff1": 0.471738,
        "nauc_map_at_10_max": 0.154305,
        "nauc_map_at_10_std": -0.260475,
        "nauc_map_at_10_diff1": 0.474616,
        "nauc_map_at_20_max": 0.153791,
        "nauc_map_at_20_std": -0.259072,
        "nauc_map_at_20_diff1": 0.475952,
        "nauc_map_at_100_max": 0.153733,
        "nauc_map_at_100_std": -0.258133,
        "nauc_map_at_100_diff1": 0.475687,
        "nauc_map_at_1000_max": 0.153655,
        "nauc_map_at_1000_std": -0.258128,
        "nauc_map_at_1000_diff1": 0.475743,
        "nauc_recall_at_1_max": 0.129982,
        "nauc_recall_at_1_std": -0.229662,
        "nauc_recall_at_1_diff1": 0.500104,
        "nauc_recall_at_3_max": 0.216571,
        "nauc_recall_at_3_std": -0.296497,
        "nauc_recall_at_3_diff1": 0.432301,
        "nauc_recall_at_5_max": 0.235716,
        "nauc_recall_at_5_std": -0.362111,
        "nauc_recall_at_5_diff1": 0.404353,
        "nauc_recall_at_10_max": 0.215727,
        "nauc_recall_at_10_std": -0.418108,
        "nauc_recall_at_10_diff1": 0.418668,
        "nauc_recall_at_20_max": 0.257783,
        "nauc_recall_at_20_std": -0.471092,
        "nauc_recall_at_20_diff1": 0.493741,
        "nauc_recall_at_100_max": 0.795585,
        "nauc_recall_at_100_std": -0.162532,
        "nauc_recall_at_100_diff1": -0.035814,
        "nauc_recall_at_1000_max": NaN,
        "nauc_recall_at_1000_std": NaN,
        "nauc_recall_at_1000_diff1": NaN,
        "nauc_precision_at_1_max": 0.129982,
        "nauc_precision_at_1_std": -0.229662,
        "nauc_precision_at_1_diff1": 0.500104,
        "nauc_precision_at_3_max": 0.216571,
        "nauc_precision_at_3_std": -0.296497,
        "nauc_precision_at_3_diff1": 0.432301,
        "nauc_precision_at_5_max": 0.235716,
        "nauc_precision_at_5_std": -0.362111,
        "nauc_precision_at_5_diff1": 0.404353,
        "nauc_precision_at_10_max": 0.215727,
        "nauc_precision_at_10_std": -0.418108,
        "nauc_precision_at_10_diff1": 0.418668,
        "nauc_precision_at_20_max": 0.257783,
        "nauc_precision_at_20_std": -0.471092,
        "nauc_precision_at_20_diff1": 0.493741,
        "nauc_precision_at_100_max": 0.795585,
        "nauc_precision_at_100_std": -0.162532,
        "nauc_precision_at_100_diff1": -0.035814,
        "nauc_precision_at_1000_max": 1.0,
        "nauc_precision_at_1000_std": 1.0,
        "nauc_precision_at_1000_diff1": 1.0,
        "nauc_mrr_at_1_max": 0.129982,
        "nauc_mrr_at_1_std": -0.229662,
        "nauc_mrr_at_1_diff1": 0.500104,
        "nauc_mrr_at_3_max": 0.158296,
        "nauc_mrr_at_3_std": -0.254717,
        "nauc_mrr_at_3_diff1": 0.472771,
        "nauc_mrr_at_5_max": 0.157222,
        "nauc_mrr_at_5_std": -0.261447,
        "nauc_mrr_at_5_diff1": 0.471738,
        "nauc_mrr_at_10_max": 0.154305,
        "nauc_mrr_at_10_std": -0.260475,
        "nauc_mrr_at_10_diff1": 0.474616,
        "nauc_mrr_at_20_max": 0.153791,
        "nauc_mrr_at_20_std": -0.259072,
        "nauc_mrr_at_20_diff1": 0.475952,
        "nauc_mrr_at_100_max": 0.153733,
        "nauc_mrr_at_100_std": -0.258133,
        "nauc_mrr_at_100_diff1": 0.475687,
        "nauc_mrr_at_1000_max": 0.153655,
        "nauc_mrr_at_1000_std": -0.258128,
        "nauc_mrr_at_1000_diff1": 0.475743,
        "main_score": 0.71414,
        "hf_subset": "default",
        "languages": [
          "eng-Latn"
        ]
      }
    ]
  },
  "evaluation_time": 10.136581659317017,
  "kg_co2_emissions": null
}