{
  "dataset_revision": "c22ab2a51041ffd869aaddef7af8d8215647e41a",
  "task_name": "Aizip_Tesla_Manual",
  "mteb_version": "1.34.13",
  "scores": {
    "test": [
      {
        "ndcg_at_1": 0.59597,
        "ndcg_at_3": 0.73855,
        "ndcg_at_5": 0.76542,
        "ndcg_at_10": 0.78072,
        "ndcg_at_20": 0.78694,
        "ndcg_at_100": 0.79184,
        "ndcg_at_1000": 0.79211,
        "map_at_1": 0.59597,
        "map_at_3": 0.70403,
        "map_at_5": 0.71913,
        "map_at_10": 0.72563,
        "map_at_20": 0.72739,
        "map_at_100": 0.72818,
        "map_at_1000": 0.72819,
        "recall_at_1": 0.59597,
        "recall_at_3": 0.83826,
        "recall_at_5": 0.90268,
        "recall_at_10": 0.94899,
        "recall_at_20": 0.97315,
        "recall_at_100": 0.99799,
        "recall_at_1000": 1.0,
        "precision_at_1": 0.59597,
        "precision_at_3": 0.27942,
        "precision_at_5": 0.18054,
        "precision_at_10": 0.0949,
        "precision_at_20": 0.04866,
        "precision_at_100": 0.00998,
        "precision_at_1000": 0.001,
        "mrr_at_1": 0.595973,
        "mrr_at_3": 0.704027,
        "mrr_at_5": 0.719128,
        "mrr_at_10": 0.725626,
        "mrr_at_20": 0.727392,
        "mrr_at_100": 0.728178,
        "mrr_at_1000": 0.72819,
        "nauc_ndcg_at_1_max": 0.316704,
        "nauc_ndcg_at_1_std": -0.097908,
        "nauc_ndcg_at_1_diff1": 0.611377,
        "nauc_ndcg_at_3_max": 0.383459,
        "nauc_ndcg_at_3_std": -0.133248,
        "nauc_ndcg_at_3_diff1": 0.593822,
        "nauc_ndcg_at_5_max": 0.397568,
        "nauc_ndcg_at_5_std": -0.133638,
        "nauc_ndcg_at_5_diff1": 0.592333,
        "nauc_ndcg_at_10_max": 0.39313,
        "nauc_ndcg_at_10_std": -0.127746,
        "nauc_ndcg_at_10_diff1": 0.594848,
        "nauc_ndcg_at_20_max": 0.389115,
        "nauc_ndcg_at_20_std": -0.114343,
        "nauc_ndcg_at_20_diff1": 0.595095,
        "nauc_ndcg_at_100_max": 0.376537,
        "nauc_ndcg_at_100_std": -0.117115,
        "nauc_ndcg_at_100_diff1": 0.598234,
        "nauc_ndcg_at_1000_max": 0.375633,
        "nauc_ndcg_at_1000_std": -0.116496,
        "nauc_ndcg_at_1000_diff1": 0.597968,
        "nauc_map_at_1_max": 0.316704,
        "nauc_map_at_1_std": -0.097908,
        "nauc_map_at_1_diff1": 0.611377,
        "nauc_map_at_3_max": 0.366304,
        "nauc_map_at_3_std": -0.118919,
        "nauc_map_at_3_diff1": 0.598316,
        "nauc_map_at_5_max": 0.371974,
        "nauc_map_at_5_std": -0.118543,
        "nauc_map_at_5_diff1": 0.597908,
        "nauc_map_at_10_max": 0.369761,
        "nauc_map_at_10_std": -0.116162,
        "nauc_map_at_10_diff1": 0.598901,
        "nauc_map_at_20_max": 0.368769,
        "nauc_map_at_20_std": -0.11323,
        "nauc_map_at_20_diff1": 0.599147,
        "nauc_map_at_100_max": 0.367159,
        "nauc_map_at_100_std": -0.113524,
        "nauc_map_at_100_diff1": 0.599537,
        "nauc_map_at_1000_max": 0.367127,
        "nauc_map_at_1000_std": -0.113501,
        "nauc_map_at_1000_diff1": 0.599523,
        "nauc_recall_at_1_max": 0.316704,
        "nauc_recall_at_1_std": -0.097908,
        "nauc_recall_at_1_diff1": 0.611377,
        "nauc_recall_at_3_max": 0.460095,
        "nauc_recall_at_3_std": -0.201441,
        "nauc_recall_at_3_diff1": 0.573765,
        "nauc_recall_at_5_max": 0.5747,
        "nauc_recall_at_5_std": -0.240346,
        "nauc_recall_at_5_diff1": 0.554358,
        "nauc_recall_at_10_max": 0.685894,
        "nauc_recall_at_10_std": -0.271647,
        "nauc_recall_at_10_diff1": 0.548043,
        "nauc_recall_at_20_max": 0.841001,
        "nauc_recall_at_20_std": -0.047549,
        "nauc_recall_at_20_diff1": 0.502428,
        "nauc_recall_at_100_max": 0.956427,
        "nauc_recall_at_100_std": -0.498133,
        "nauc_recall_at_100_diff1": 0.742453,
        "nauc_recall_at_1000_max": NaN,
        "nauc_recall_at_1000_std": NaN,
        "nauc_recall_at_1000_diff1": NaN,
        "nauc_precision_at_1_max": 0.316704,
        "nauc_precision_at_1_std": -0.097908,
        "nauc_precision_at_1_diff1": 0.611377,
        "nauc_precision_at_3_max": 0.460095,
        "nauc_precision_at_3_std": -0.201441,
        "nauc_precision_at_3_diff1": 0.573765,
        "nauc_precision_at_5_max": 0.5747,
        "nauc_precision_at_5_std": -0.240346,
        "nauc_precision_at_5_diff1": 0.554358,
        "nauc_precision_at_10_max": 0.685894,
        "nauc_precision_at_10_std": -0.271647,
        "nauc_precision_at_10_diff1": 0.548043,
        "nauc_precision_at_20_max": 0.841001,
        "nauc_precision_at_20_std": -0.047549,
        "nauc_precision_at_20_diff1": 0.502428,
        "nauc_precision_at_100_max": 0.956427,
        "nauc_precision_at_100_std": -0.498133,
        "nauc_precision_at_100_diff1": 0.742453,
        "nauc_precision_at_1000_max": 1.0,
        "nauc_precision_at_1000_std": 1.0,
        "nauc_precision_at_1000_diff1": 1.0,
        "nauc_mrr_at_1_max": 0.316704,
        "nauc_mrr_at_1_std": -0.097908,
        "nauc_mrr_at_1_diff1": 0.611377,
        "nauc_mrr_at_3_max": 0.366304,
        "nauc_mrr_at_3_std": -0.118919,
        "nauc_mrr_at_3_diff1": 0.598316,
        "nauc_mrr_at_5_max": 0.371974,
        "nauc_mrr_at_5_std": -0.118543,
        "nauc_mrr_at_5_diff1": 0.597908,
        "nauc_mrr_at_10_max": 0.369761,
        "nauc_mrr_at_10_std": -0.116162,
        "nauc_mrr_at_10_diff1": 0.598901,
        "nauc_mrr_at_20_max": 0.368769,
        "nauc_mrr_at_20_std": -0.11323,
        "nauc_mrr_at_20_diff1": 0.599147,
        "nauc_mrr_at_100_max": 0.367159,
        "nauc_mrr_at_100_std": -0.113524,
        "nauc_mrr_at_100_diff1": 0.599537,
        "nauc_mrr_at_1000_max": 0.367127,
        "nauc_mrr_at_1000_std": -0.113501,
        "nauc_mrr_at_1000_diff1": 0.599523,
        "main_score": 0.78072,
        "hf_subset": "default",
        "languages": [
          "eng-Latn"
        ]
      }
    ]
  },
  "evaluation_time": 11.079192638397217,
  "kg_co2_emissions": null
}