{
  "dataset_revision": "c22ab2a51041ffd869aaddef7af8d8215647e41a",
  "task_name": "Aizip_Tesla_Manual",
  "mteb_version": "1.34.13",
  "scores": {
    "test": [
      {
        "ndcg_at_1": 0.55772,
        "ndcg_at_3": 0.69931,
        "ndcg_at_5": 0.73379,
        "ndcg_at_10": 0.75166,
        "ndcg_at_20": 0.76012,
        "ndcg_at_100": 0.76576,
        "ndcg_at_1000": 0.76602,
        "map_at_1": 0.55772,
        "map_at_3": 0.66532,
        "map_at_5": 0.68442,
        "map_at_10": 0.69184,
        "map_at_20": 0.69423,
        "map_at_100": 0.69512,
        "map_at_1000": 0.69513,
        "recall_at_1": 0.55772,
        "recall_at_3": 0.79732,
        "recall_at_5": 0.88121,
        "recall_at_10": 0.93624,
        "recall_at_20": 0.96913,
        "recall_at_100": 0.99799,
        "recall_at_1000": 1.0,
        "precision_at_1": 0.55772,
        "precision_at_3": 0.26577,
        "precision_at_5": 0.17624,
        "precision_at_10": 0.09362,
        "precision_at_20": 0.04846,
        "precision_at_100": 0.00998,
        "precision_at_1000": 0.001,
        "mrr_at_1": 0.557718,
        "mrr_at_3": 0.665324,
        "mrr_at_5": 0.684418,
        "mrr_at_10": 0.691838,
        "mrr_at_20": 0.694231,
        "mrr_at_100": 0.695121,
        "mrr_at_1000": 0.69513,
        "nauc_ndcg_at_1_max": 0.118594,
        "nauc_ndcg_at_1_std": -0.255187,
        "nauc_ndcg_at_1_diff1": 0.520621,
        "nauc_ndcg_at_3_max": 0.180362,
        "nauc_ndcg_at_3_std": -0.283159,
        "nauc_ndcg_at_3_diff1": 0.483038,
        "nauc_ndcg_at_5_max": 0.175156,
        "nauc_ndcg_at_5_std": -0.29594,
        "nauc_ndcg_at_5_diff1": 0.491143,
        "nauc_ndcg_at_10_max": 0.157411,
        "nauc_ndcg_at_10_std": -0.31244,
        "nauc_ndcg_at_10_diff1": 0.499231,
        "nauc_ndcg_at_20_max": 0.160436,
        "nauc_ndcg_at_20_std": -0.303149,
        "nauc_ndcg_at_20_diff1": 0.501277,
        "nauc_ndcg_at_100_max": 0.158967,
        "nauc_ndcg_at_100_std": -0.286767,
        "nauc_ndcg_at_100_diff1": 0.497476,
        "nauc_ndcg_at_1000_max": 0.157929,
        "nauc_ndcg_at_1000_std": -0.287887,
        "nauc_ndcg_at_1000_diff1": 0.497744,
        "nauc_map_at_1_max": 0.118594,
        "nauc_map_at_1_std": -0.255187,
        "nauc_map_at_1_diff1": 0.520621,
        "nauc_map_at_3_max": 0.162667,
        "nauc_map_at_3_std": -0.274458,
        "nauc_map_at_3_diff1": 0.491427,
        "nauc_map_at_5_max": 0.158941,
        "nauc_map_at_5_std": -0.280342,
        "nauc_map_at_5_diff1": 0.496146,
        "nauc_map_at_10_max": 0.152765,
        "nauc_map_at_10_std": -0.28552,
        "nauc_map_at_10_diff1": 0.499057,
        "nauc_map_at_20_max": 0.153292,
        "nauc_map_at_20_std": -0.283366,
        "nauc_map_at_20_diff1": 0.499389,
        "nauc_map_at_100_max": 0.153277,
        "nauc_map_at_100_std": -0.281298,
        "nauc_map_at_100_diff1": 0.498843,
        "nauc_map_at_1000_max": 0.153248,
        "nauc_map_at_1000_std": -0.281329,
        "nauc_map_at_1000_diff1": 0.498853,
        "nauc_recall_at_1_max": 0.118594,
        "nauc_recall_at_1_std": -0.255187,
        "nauc_recall_at_1_diff1": 0.520621,
        "nauc_recall_at_3_max": 0.25248,
        "nauc_recall_at_3_std": -0.319038,
        "nauc_recall_at_3_diff1": 0.450292,
        "nauc_recall_at_5_max": 0.274322,
        "nauc_recall_at_5_std": -0.396766,
        "nauc_recall_at_5_diff1": 0.464301,
        "nauc_recall_at_10_max": 0.176937,
        "nauc_recall_at_10_std": -0.640444,
        "nauc_recall_at_10_diff1": 0.520876,
        "nauc_recall_at_20_max": 0.276895,
        "nauc_recall_at_20_std": -0.753238,
        "nauc_recall_at_20_diff1": 0.600881,
        "nauc_recall_at_100_max": 0.907407,
        "nauc_recall_at_100_std": 0.522409,
        "nauc_recall_at_100_diff1": 0.317149,
        "nauc_recall_at_1000_max": NaN,
        "nauc_recall_at_1000_std": NaN,
        "nauc_recall_at_1000_diff1": NaN,
        "nauc_precision_at_1_max": 0.118594,
        "nauc_precision_at_1_std": -0.255187,
        "nauc_precision_at_1_diff1": 0.520621,
        "nauc_precision_at_3_max": 0.25248,
        "nauc_precision_at_3_std": -0.319038,
        "nauc_precision_at_3_diff1": 0.450292,
        "nauc_precision_at_5_max": 0.274322,
        "nauc_precision_at_5_std": -0.396766,
        "nauc_precision_at_5_diff1": 0.464301,
        "nauc_precision_at_10_max": 0.176937,
        "nauc_precision_at_10_std": -0.640444,
        "nauc_precision_at_10_diff1": 0.520876,
        "nauc_precision_at_20_max": 0.276895,
        "nauc_precision_at_20_std": -0.753238,
        "nauc_precision_at_20_diff1": 0.600881,
        "nauc_precision_at_100_max": 0.907407,
        "nauc_precision_at_100_std": 0.522409,
        "nauc_precision_at_100_diff1": 0.317149,
        "nauc_precision_at_1000_max": 1.0,
        "nauc_precision_at_1000_std": 1.0,
        "nauc_precision_at_1000_diff1": 1.0,
        "nauc_mrr_at_1_max": 0.118594,
        "nauc_mrr_at_1_std": -0.255187,
        "nauc_mrr_at_1_diff1": 0.520621,
        "nauc_mrr_at_3_max": 0.162667,
        "nauc_mrr_at_3_std": -0.274458,
        "nauc_mrr_at_3_diff1": 0.491427,
        "nauc_mrr_at_5_max": 0.158941,
        "nauc_mrr_at_5_std": -0.280342,
        "nauc_mrr_at_5_diff1": 0.496146,
        "nauc_mrr_at_10_max": 0.152765,
        "nauc_mrr_at_10_std": -0.28552,
        "nauc_mrr_at_10_diff1": 0.499057,
        "nauc_mrr_at_20_max": 0.153292,
        "nauc_mrr_at_20_std": -0.283366,
        "nauc_mrr_at_20_diff1": 0.499389,
        "nauc_mrr_at_100_max": 0.153277,
        "nauc_mrr_at_100_std": -0.281298,
        "nauc_mrr_at_100_diff1": 0.498843,
        "nauc_mrr_at_1000_max": 0.153248,
        "nauc_mrr_at_1000_std": -0.281329,
        "nauc_mrr_at_1000_diff1": 0.498853,
        "main_score": 0.75166,
        "hf_subset": "default",
        "languages": [
          "eng-Latn"
        ]
      }
    ]
  },
  "evaluation_time": 8.91848874092102,
  "kg_co2_emissions": null
}