{
  "dataset_revision": "c22ab2a51041ffd869aaddef7af8d8215647e41a",
  "task_name": "Aizip_Tesla_Manual",
  "mteb_version": "1.34.13",
  "scores": {
    "test": [
      {
        "ndcg_at_1": 0.57315,
        "ndcg_at_3": 0.71948,
        "ndcg_at_5": 0.75116,
        "ndcg_at_10": 0.76626,
        "ndcg_at_20": 0.77365,
        "ndcg_at_100": 0.77862,
        "ndcg_at_1000": 0.77899,
        "map_at_1": 0.57315,
        "map_at_3": 0.68434,
        "map_at_5": 0.70202,
        "map_at_10": 0.70845,
        "map_at_20": 0.71053,
        "map_at_100": 0.7113,
        "map_at_1000": 0.71132,
        "recall_at_1": 0.57315,
        "recall_at_3": 0.82081,
        "recall_at_5": 0.89732,
        "recall_at_10": 0.94295,
        "recall_at_20": 0.97181,
        "recall_at_100": 0.99732,
        "recall_at_1000": 1.0,
        "precision_at_1": 0.57315,
        "precision_at_3": 0.2736,
        "precision_at_5": 0.17946,
        "precision_at_10": 0.0943,
        "precision_at_20": 0.04859,
        "precision_at_100": 0.00997,
        "precision_at_1000": 0.001,
        "mrr_at_1": 0.573154,
        "mrr_at_3": 0.68434,
        "mrr_at_5": 0.702025,
        "mrr_at_10": 0.708452,
        "mrr_at_20": 0.710533,
        "mrr_at_100": 0.711304,
        "mrr_at_1000": 0.711322,
        "nauc_ndcg_at_1_max": 0.306303,
        "nauc_ndcg_at_1_std": -0.105349,
        "nauc_ndcg_at_1_diff1": 0.622499,
        "nauc_ndcg_at_3_max": 0.386447,
        "nauc_ndcg_at_3_std": -0.112205,
        "nauc_ndcg_at_3_diff1": 0.582797,
        "nauc_ndcg_at_5_max": 0.395475,
        "nauc_ndcg_at_5_std": -0.122064,
        "nauc_ndcg_at_5_diff1": 0.58906,
        "nauc_ndcg_at_10_max": 0.39391,
        "nauc_ndcg_at_10_std": -0.120302,
        "nauc_ndcg_at_10_diff1": 0.592821,
        "nauc_ndcg_at_20_max": 0.385844,
        "nauc_ndcg_at_20_std": -0.107987,
        "nauc_ndcg_at_20_diff1": 0.591693,
        "nauc_ndcg_at_100_max": 0.373886,
        "nauc_ndcg_at_100_std": -0.1089,
        "nauc_ndcg_at_100_diff1": 0.596351,
        "nauc_ndcg_at_1000_max": 0.372831,
        "nauc_ndcg_at_1000_std": -0.109216,
        "nauc_ndcg_at_1000_diff1": 0.596171,
        "nauc_map_at_1_max": 0.306303,
        "nauc_map_at_1_std": -0.105349,
        "nauc_map_at_1_diff1": 0.622499,
        "nauc_map_at_3_max": 0.365099,
        "nauc_map_at_3_std": -0.107084,
        "nauc_map_at_3_diff1": 0.593167,
        "nauc_map_at_5_max": 0.368318,
        "nauc_map_at_5_std": -0.111344,
        "nauc_map_at_5_diff1": 0.596797,
        "nauc_map_at_10_max": 0.367021,
        "nauc_map_at_10_std": -0.110614,
        "nauc_map_at_10_diff1": 0.598447,
        "nauc_map_at_20_max": 0.364987,
        "nauc_map_at_20_std": -0.107844,
        "nauc_map_at_20_diff1": 0.598278,
        "nauc_map_at_100_max": 0.363514,
        "nauc_map_at_100_std": -0.107815,
        "nauc_map_at_100_diff1": 0.598882,
        "nauc_map_at_1000_max": 0.363473,
        "nauc_map_at_1000_std": -0.107834,
        "nauc_map_at_1000_diff1": 0.598872,
        "nauc_recall_at_1_max": 0.306303,
        "nauc_recall_at_1_std": -0.105349,
        "nauc_recall_at_1_diff1": 0.622499,
        "nauc_recall_at_3_max": 0.477963,
        "nauc_recall_at_3_std": -0.13652,
        "nauc_recall_at_3_diff1": 0.538493,
        "nauc_recall_at_5_max": 0.578755,
        "nauc_recall_at_5_std": -0.201518,
        "nauc_recall_at_5_diff1": 0.540422,
        "nauc_recall_at_10_max": 0.708887,
        "nauc_recall_at_10_std": -0.243082,
        "nauc_recall_at_10_diff1": 0.537129,
        "nauc_recall_at_20_max": 0.825741,
        "nauc_recall_at_20_std": -0.051498,
        "nauc_recall_at_20_diff1": 0.449369,
        "nauc_recall_at_100_max": 0.888539,
        "nauc_recall_at_100_std": 0.023459,
        "nauc_recall_at_100_diff1": 0.667951,
        "nauc_recall_at_1000_max": NaN,
        "nauc_recall_at_1000_std": NaN,
        "nauc_recall_at_1000_diff1": NaN,
        "nauc_precision_at_1_max": 0.306303,
        "nauc_precision_at_1_std": -0.105349,
        "nauc_precision_at_1_diff1": 0.622499,
        "nauc_precision_at_3_max": 0.477963,
        "nauc_precision_at_3_std": -0.13652,
        "nauc_precision_at_3_diff1": 0.538493,
        "nauc_precision_at_5_max": 0.578755,
        "nauc_precision_at_5_std": -0.201518,
        "nauc_precision_at_5_diff1": 0.540422,
        "nauc_precision_at_10_max": 0.708887,
        "nauc_precision_at_10_std": -0.243082,
        "nauc_precision_at_10_diff1": 0.537129,
        "nauc_precision_at_20_max": 0.825741,
        "nauc_precision_at_20_std": -0.051498,
        "nauc_precision_at_20_diff1": 0.449369,
        "nauc_precision_at_100_max": 0.888539,
        "nauc_precision_at_100_std": 0.023459,
        "nauc_precision_at_100_diff1": 0.667951,
        "nauc_precision_at_1000_max": 1.0,
        "nauc_precision_at_1000_std": 1.0,
        "nauc_precision_at_1000_diff1": 1.0,
        "nauc_mrr_at_1_max": 0.306303,
        "nauc_mrr_at_1_std": -0.105349,
        "nauc_mrr_at_1_diff1": 0.622499,
        "nauc_mrr_at_3_max": 0.365099,
        "nauc_mrr_at_3_std": -0.107084,
        "nauc_mrr_at_3_diff1": 0.593167,
        "nauc_mrr_at_5_max": 0.368318,
        "nauc_mrr_at_5_std": -0.111344,
        "nauc_mrr_at_5_diff1": 0.596797,
        "nauc_mrr_at_10_max": 0.367021,
        "nauc_mrr_at_10_std": -0.110614,
        "nauc_mrr_at_10_diff1": 0.598447,
        "nauc_mrr_at_20_max": 0.364987,
        "nauc_mrr_at_20_std": -0.107844,
        "nauc_mrr_at_20_diff1": 0.598278,
        "nauc_mrr_at_100_max": 0.363514,
        "nauc_mrr_at_100_std": -0.107815,
        "nauc_mrr_at_100_diff1": 0.598882,
        "nauc_mrr_at_1000_max": 0.363473,
        "nauc_mrr_at_1000_std": -0.107834,
        "nauc_mrr_at_1000_diff1": 0.598872,
        "main_score": 0.76626,
        "hf_subset": "default",
        "languages": [
          "eng-Latn"
        ]
      }
    ]
  },
  "evaluation_time": 8.745949268341064,
  "kg_co2_emissions": null
}