{
  "dataset_revision": "c22ab2a51041ffd869aaddef7af8d8215647e41a",
  "task_name": "Aizip_Tesla_Manual",
  "mteb_version": "1.34.13",
  "scores": {
    "test": [
      {
        "ndcg_at_1": 0.59195,
        "ndcg_at_3": 0.72999,
        "ndcg_at_5": 0.76107,
        "ndcg_at_10": 0.77769,
        "ndcg_at_20": 0.78435,
        "ndcg_at_100": 0.78834,
        "ndcg_at_1000": 0.78861,
        "map_at_1": 0.59195,
        "map_at_3": 0.69687,
        "map_at_5": 0.71418,
        "map_at_10": 0.72112,
        "map_at_20": 0.72297,
        "map_at_100": 0.72362,
        "map_at_1000": 0.72363,
        "recall_at_1": 0.59195,
        "recall_at_3": 0.8255,
        "recall_at_5": 0.90067,
        "recall_at_10": 0.95168,
        "recall_at_20": 0.97785,
        "recall_at_100": 0.99799,
        "recall_at_1000": 1.0,
        "precision_at_1": 0.59195,
        "precision_at_3": 0.27517,
        "precision_at_5": 0.18013,
        "precision_at_10": 0.09517,
        "precision_at_20": 0.04889,
        "precision_at_100": 0.00998,
        "precision_at_1000": 0.001,
        "mrr_at_1": 0.591946,
        "mrr_at_3": 0.696868,
        "mrr_at_5": 0.714183,
        "mrr_at_10": 0.721117,
        "mrr_at_20": 0.722973,
        "mrr_at_100": 0.723616,
        "mrr_at_1000": 0.723627,
        "nauc_ndcg_at_1_max": 0.144358,
        "nauc_ndcg_at_1_std": -0.251075,
        "nauc_ndcg_at_1_diff1": 0.532585,
        "nauc_ndcg_at_3_max": 0.202592,
        "nauc_ndcg_at_3_std": -0.296507,
        "nauc_ndcg_at_3_diff1": 0.522795,
        "nauc_ndcg_at_5_max": 0.204888,
        "nauc_ndcg_at_5_std": -0.314398,
        "nauc_ndcg_at_5_diff1": 0.524879,
        "nauc_ndcg_at_10_max": 0.188447,
        "nauc_ndcg_at_10_std": -0.321508,
        "nauc_ndcg_at_10_diff1": 0.532352,
        "nauc_ndcg_at_20_max": 0.189148,
        "nauc_ndcg_at_20_std": -0.306932,
        "nauc_ndcg_at_20_diff1": 0.531539,
        "nauc_ndcg_at_100_max": 0.185964,
        "nauc_ndcg_at_100_std": -0.291623,
        "nauc_ndcg_at_100_diff1": 0.527924,
        "nauc_ndcg_at_1000_max": 0.184777,
        "nauc_ndcg_at_1000_std": -0.292931,
        "nauc_ndcg_at_1000_diff1": 0.527826,
        "nauc_map_at_1_max": 0.144358,
        "nauc_map_at_1_std": -0.251075,
        "nauc_map_at_1_diff1": 0.532585,
        "nauc_map_at_3_max": 0.185848,
        "nauc_map_at_3_std": -0.280788,
        "nauc_map_at_3_diff1": 0.523797,
        "nauc_map_at_5_max": 0.185535,
        "nauc_map_at_5_std": -0.288781,
        "nauc_map_at_5_diff1": 0.524735,
        "nauc_map_at_10_max": 0.179301,
        "nauc_map_at_10_std": -0.290715,
        "nauc_map_at_10_diff1": 0.527377,
        "nauc_map_at_20_max": 0.179482,
        "nauc_map_at_20_std": -0.287332,
        "nauc_map_at_20_diff1": 0.527133,
        "nauc_map_at_100_max": 0.179321,
        "nauc_map_at_100_std": -0.285262,
        "nauc_map_at_100_diff1": 0.526766,
        "nauc_map_at_1000_max": 0.179281,
        "nauc_map_at_1000_std": -0.285306,
        "nauc_map_at_1000_diff1": 0.526767,
        "nauc_recall_at_1_max": 0.144358,
        "nauc_recall_at_1_std": -0.251075,
        "nauc_recall_at_1_diff1": 0.532585,
        "nauc_recall_at_3_max": 0.275323,
        "nauc_recall_at_3_std": -0.366564,
        "nauc_recall_at_3_diff1": 0.519656,
        "nauc_recall_at_5_max": 0.337775,
        "nauc_recall_at_5_std": -0.495773,
        "nauc_recall_at_5_diff1": 0.528976,
        "nauc_recall_at_10_max": 0.287595,
        "nauc_recall_at_10_std": -0.762923,
        "nauc_recall_at_10_diff1": 0.617718,
        "nauc_recall_at_20_max": 0.418895,
        "nauc_recall_at_20_std": -0.82029,
        "nauc_recall_at_20_diff1": 0.694918,
        "nauc_recall_at_100_max": 0.956427,
        "nauc_recall_at_100_std": 0.554155,
        "nauc_recall_at_100_diff1": 0.615002,
        "nauc_recall_at_1000_max": NaN,
        "nauc_recall_at_1000_std": NaN,
        "nauc_recall_at_1000_diff1": NaN,
        "nauc_precision_at_1_max": 0.144358,
        "nauc_precision_at_1_std": -0.251075,
        "nauc_precision_at_1_diff1": 0.532585,
        "nauc_precision_at_3_max": 0.275323,
        "nauc_precision_at_3_std": -0.366564,
        "nauc_precision_at_3_diff1": 0.519656,
        "nauc_precision_at_5_max": 0.337775,
        "nauc_precision_at_5_std": -0.495773,
        "nauc_precision_at_5_diff1": 0.528976,
        "nauc_precision_at_10_max": 0.287595,
        "nauc_precision_at_10_std": -0.762923,
        "nauc_precision_at_10_diff1": 0.617718,
        "nauc_precision_at_20_max": 0.418895,
        "nauc_precision_at_20_std": -0.82029,
        "nauc_precision_at_20_diff1": 0.694918,
        "nauc_precision_at_100_max": 0.956427,
        "nauc_precision_at_100_std": 0.554155,
        "nauc_precision_at_100_diff1": 0.615002,
        "nauc_precision_at_1000_max": 1.0,
        "nauc_precision_at_1000_std": 1.0,
        "nauc_precision_at_1000_diff1": 1.0,
        "nauc_mrr_at_1_max": 0.144358,
        "nauc_mrr_at_1_std": -0.251075,
        "nauc_mrr_at_1_diff1": 0.532585,
        "nauc_mrr_at_3_max": 0.185848,
        "nauc_mrr_at_3_std": -0.280788,
        "nauc_mrr_at_3_diff1": 0.523797,
        "nauc_mrr_at_5_max": 0.185535,
        "nauc_mrr_at_5_std": -0.288781,
        "nauc_mrr_at_5_diff1": 0.524735,
        "nauc_mrr_at_10_max": 0.179301,
        "nauc_mrr_at_10_std": -0.290715,
        "nauc_mrr_at_10_diff1": 0.527377,
        "nauc_mrr_at_20_max": 0.179482,
        "nauc_mrr_at_20_std": -0.287332,
        "nauc_mrr_at_20_diff1": 0.527133,
        "nauc_mrr_at_100_max": 0.179321,
        "nauc_mrr_at_100_std": -0.285262,
        "nauc_mrr_at_100_diff1": 0.526766,
        "nauc_mrr_at_1000_max": 0.179281,
        "nauc_mrr_at_1000_std": -0.285306,
        "nauc_mrr_at_1000_diff1": 0.526767,
        "main_score": 0.77769,
        "hf_subset": "default",
        "languages": [
          "eng-Latn"
        ]
      }
    ]
  },
  "evaluation_time": 8.899124145507812,
  "kg_co2_emissions": null
}