{
  "dataset_revision": "c22ab2a51041ffd869aaddef7af8d8215647e41a",
  "task_name": "Aizip_Tesla_Manual",
  "mteb_version": "1.34.13",
  "scores": {
    "test": [
      {
        "ndcg_at_1": 0.6094,
        "ndcg_at_3": 0.75007,
        "ndcg_at_5": 0.77564,
        "ndcg_at_10": 0.79188,
        "ndcg_at_20": 0.79631,
        "ndcg_at_100": 0.8009,
        "ndcg_at_1000": 0.80117,
        "map_at_1": 0.6094,
        "map_at_3": 0.71644,
        "map_at_5": 0.73087,
        "map_at_10": 0.73769,
        "map_at_20": 0.73892,
        "map_at_100": 0.73968,
        "map_at_1000": 0.73969,
        "recall_at_1": 0.6094,
        "recall_at_3": 0.84698,
        "recall_at_5": 0.90805,
        "recall_at_10": 0.95772,
        "recall_at_20": 0.97517,
        "recall_at_100": 0.99799,
        "recall_at_1000": 1.0,
        "precision_at_1": 0.6094,
        "precision_at_3": 0.28233,
        "precision_at_5": 0.18161,
        "precision_at_10": 0.09577,
        "precision_at_20": 0.04876,
        "precision_at_100": 0.00998,
        "precision_at_1000": 0.001,
        "mrr_at_1": 0.609396,
        "mrr_at_3": 0.716443,
        "mrr_at_5": 0.730872,
        "mrr_at_10": 0.737691,
        "mrr_at_20": 0.738916,
        "mrr_at_100": 0.739678,
        "mrr_at_1000": 0.739691,
        "nauc_ndcg_at_1_max": 0.278833,
        "nauc_ndcg_at_1_std": -0.120641,
        "nauc_ndcg_at_1_diff1": 0.615408,
        "nauc_ndcg_at_3_max": 0.345108,
        "nauc_ndcg_at_3_std": -0.157593,
        "nauc_ndcg_at_3_diff1": 0.60313,
        "nauc_ndcg_at_5_max": 0.354008,
        "nauc_ndcg_at_5_std": -0.160243,
        "nauc_ndcg_at_5_diff1": 0.598518,
        "nauc_ndcg_at_10_max": 0.351824,
        "nauc_ndcg_at_10_std": -0.148729,
        "nauc_ndcg_at_10_diff1": 0.602581,
        "nauc_ndcg_at_20_max": 0.347945,
        "nauc_ndcg_at_20_std": -0.143047,
        "nauc_ndcg_at_20_diff1": 0.60328,
        "nauc_ndcg_at_100_max": 0.334936,
        "nauc_ndcg_at_100_std": -0.141855,
        "nauc_ndcg_at_100_diff1": 0.603773,
        "nauc_ndcg_at_1000_max": 0.333928,
        "nauc_ndcg_at_1000_std": -0.141228,
        "nauc_ndcg_at_1000_diff1": 0.603501,
        "nauc_map_at_1_max": 0.278833,
        "nauc_map_at_1_std": -0.120641,
        "nauc_map_at_1_diff1": 0.615408,
        "nauc_map_at_3_max": 0.32631,
        "nauc_map_at_3_std": -0.142477,
        "nauc_map_at_3_diff1": 0.605207,
        "nauc_map_at_5_max": 0.329761,
        "nauc_map_at_5_std": -0.14277,
        "nauc_map_at_5_diff1": 0.603058,
        "nauc_map_at_10_max": 0.328239,
        "nauc_map_at_10_std": -0.138908,
        "nauc_map_at_10_diff1": 0.604263,
        "nauc_map_at_20_max": 0.327364,
        "nauc_map_at_20_std": -0.137818,
        "nauc_map_at_20_diff1": 0.604531,
        "nauc_map_at_100_max": 0.325634,
        "nauc_map_at_100_std": -0.137541,
        "nauc_map_at_100_diff1": 0.604555,
        "nauc_map_at_1000_max": 0.325598,
        "nauc_map_at_1000_std": -0.137515,
        "nauc_map_at_1000_diff1": 0.604543,
        "nauc_recall_at_1_max": 0.278833,
        "nauc_recall_at_1_std": -0.120641,
        "nauc_recall_at_1_diff1": 0.615408,
        "nauc_recall_at_3_max": 0.431885,
        "nauc_recall_at_3_std": -0.230815,
        "nauc_recall_at_3_diff1": 0.594588,
        "nauc_recall_at_5_max": 0.52477,
        "nauc_recall_at_5_std": -0.288342,
        "nauc_recall_at_5_diff1": 0.567149,
        "nauc_recall_at_10_max": 0.698687,
        "nauc_recall_at_10_std": -0.277341,
        "nauc_recall_at_10_diff1": 0.59014,
        "nauc_recall_at_20_max": 0.831075,
        "nauc_recall_at_20_std": -0.200671,
        "nauc_recall_at_20_diff1": 0.593787,
        "nauc_recall_at_100_max": 0.956427,
        "nauc_recall_at_100_std": -0.498133,
        "nauc_recall_at_100_diff1": 0.758792,
        "nauc_recall_at_1000_max": NaN,
        "nauc_recall_at_1000_std": NaN,
        "nauc_recall_at_1000_diff1": NaN,
        "nauc_precision_at_1_max": 0.278833,
        "nauc_precision_at_1_std": -0.120641,
        "nauc_precision_at_1_diff1": 0.615408,
        "nauc_precision_at_3_max": 0.431885,
        "nauc_precision_at_3_std": -0.230815,
        "nauc_precision_at_3_diff1": 0.594588,
        "nauc_precision_at_5_max": 0.52477,
        "nauc_precision_at_5_std": -0.288342,
        "nauc_precision_at_5_diff1": 0.567149,
        "nauc_precision_at_10_max": 0.698687,
        "nauc_precision_at_10_std": -0.277341,
        "nauc_precision_at_10_diff1": 0.59014,
        "nauc_precision_at_20_max": 0.831075,
        "nauc_precision_at_20_std": -0.200671,
        "nauc_precision_at_20_diff1": 0.593787,
        "nauc_precision_at_100_max": 0.956427,
        "nauc_precision_at_100_std": -0.498133,
        "nauc_precision_at_100_diff1": 0.758792,
        "nauc_precision_at_1000_max": 1.0,
        "nauc_precision_at_1000_std": 1.0,
        "nauc_precision_at_1000_diff1": 1.0,
        "nauc_mrr_at_1_max": 0.278833,
        "nauc_mrr_at_1_std": -0.120641,
        "nauc_mrr_at_1_diff1": 0.615408,
        "nauc_mrr_at_3_max": 0.32631,
        "nauc_mrr_at_3_std": -0.142477,
        "nauc_mrr_at_3_diff1": 0.605207,
        "nauc_mrr_at_5_max": 0.329761,
        "nauc_mrr_at_5_std": -0.14277,
        "nauc_mrr_at_5_diff1": 0.603058,
        "nauc_mrr_at_10_max": 0.328239,
        "nauc_mrr_at_10_std": -0.138908,
        "nauc_mrr_at_10_diff1": 0.604263,
        "nauc_mrr_at_20_max": 0.327364,
        "nauc_mrr_at_20_std": -0.137818,
        "nauc_mrr_at_20_diff1": 0.604531,
        "nauc_mrr_at_100_max": 0.325634,
        "nauc_mrr_at_100_std": -0.137541,
        "nauc_mrr_at_100_diff1": 0.604555,
        "nauc_mrr_at_1000_max": 0.325598,
        "nauc_mrr_at_1000_std": -0.137515,
        "nauc_mrr_at_1000_diff1": 0.604543,
        "main_score": 0.79188,
        "hf_subset": "default",
        "languages": [
          "eng-Latn"
        ]
      }
    ]
  },
  "evaluation_time": 8.929934978485107,
  "kg_co2_emissions": null
}