{
  "dataset_revision": "c22ab2a51041ffd869aaddef7af8d8215647e41a",
  "task_name": "ArguAna",
  "mteb_version": "1.34.13",
  "scores": {
    "test": [
      {
        "ndcg_at_1": 0.40754,
        "ndcg_at_3": 0.55691,
        "ndcg_at_5": 0.59466,
        "ndcg_at_10": 0.6362,
        "ndcg_at_20": 0.65136,
        "ndcg_at_100": 0.66067,
        "ndcg_at_1000": 0.66135,
        "map_at_1": 0.40754,
        "map_at_3": 0.5192,
        "map_at_5": 0.54029,
        "map_at_10": 0.55779,
        "map_at_20": 0.56208,
        "map_at_100": 0.5635,
        "map_at_1000": 0.56353,
        "recall_at_1": 0.40754,
        "recall_at_3": 0.66643,
        "recall_at_5": 0.75747,
        "recall_at_10": 0.88407,
        "recall_at_20": 0.9431,
        "recall_at_100": 0.99147,
        "recall_at_1000": 0.99644,
        "precision_at_1": 0.40754,
        "precision_at_3": 0.22214,
        "precision_at_5": 0.15149,
        "precision_at_10": 0.08841,
        "precision_at_20": 0.04716,
        "precision_at_100": 0.00991,
        "precision_at_1000": 0.001,
        "mrr_at_1": 0.41394,
        "mrr_at_3": 0.520982,
        "mrr_at_5": 0.542568,
        "mrr_at_10": 0.560304,
        "mrr_at_20": 0.564587,
        "mrr_at_100": 0.566007,
        "mrr_at_1000": 0.566037,
        "nauc_ndcg_at_1_max": -0.097055,
        "nauc_ndcg_at_1_std": -0.147265,
        "nauc_ndcg_at_1_diff1": 0.173462,
        "nauc_ndcg_at_3_max": -0.056087,
        "nauc_ndcg_at_3_std": -0.129791,
        "nauc_ndcg_at_3_diff1": 0.150312,
        "nauc_ndcg_at_5_max": -0.043677,
        "nauc_ndcg_at_5_std": -0.129166,
        "nauc_ndcg_at_5_diff1": 0.151839,
        "nauc_ndcg_at_10_max": -0.036353,
        "nauc_ndcg_at_10_std": -0.112552,
        "nauc_ndcg_at_10_diff1": 0.16511,
        "nauc_ndcg_at_20_max": -0.04161,
        "nauc_ndcg_at_20_std": -0.115675,
        "nauc_ndcg_at_20_diff1": 0.16169,
        "nauc_ndcg_at_100_max": -0.05296,
        "nauc_ndcg_at_100_std": -0.123149,
        "nauc_ndcg_at_100_diff1": 0.159756,
        "nauc_ndcg_at_1000_max": -0.054724,
        "nauc_ndcg_at_1000_std": -0.124248,
        "nauc_ndcg_at_1000_diff1": 0.158545,
        "nauc_map_at_1_max": -0.097055,
        "nauc_map_at_1_std": -0.147265,
        "nauc_map_at_1_diff1": 0.173462,
        "nauc_map_at_3_max": -0.067936,
        "nauc_map_at_3_std": -0.135,
        "nauc_map_at_3_diff1": 0.154642,
        "nauc_map_at_5_max": -0.06267,
        "nauc_map_at_5_std": -0.135213,
        "nauc_map_at_5_diff1": 0.155184,
        "nauc_map_at_10_max": -0.061085,
        "nauc_map_at_10_std": -0.129702,
        "nauc_map_at_10_diff1": 0.15995,
        "nauc_map_at_20_max": -0.062717,
        "nauc_map_at_20_std": -0.130627,
        "nauc_map_at_20_diff1": 0.158932,
        "nauc_map_at_100_max": -0.064021,
        "nauc_map_at_100_std": -0.1313,
        "nauc_map_at_100_diff1": 0.158713,
        "nauc_map_at_1000_max": -0.064087,
        "nauc_map_at_1000_std": -0.131343,
        "nauc_map_at_1000_diff1": 0.15867,
        "nauc_recall_at_1_max": -0.097055,
        "nauc_recall_at_1_std": -0.147265,
        "nauc_recall_at_1_diff1": 0.173462,
        "nauc_recall_at_3_max": -0.015208,
        "nauc_recall_at_3_std": -0.111749,
        "nauc_recall_at_3_diff1": 0.136437,
        "nauc_recall_at_5_max": 0.039775,
        "nauc_recall_at_5_std": -0.102922,
        "nauc_recall_at_5_diff1": 0.14013,
        "nauc_recall_at_10_max": 0.168239,
        "nauc_recall_at_10_std": 0.037721,
        "nauc_recall_at_10_diff1": 0.222797,
        "nauc_recall_at_20_max": 0.289231,
        "nauc_recall_at_20_std": 0.135228,
        "nauc_recall_at_20_diff1": 0.230257,
        "nauc_recall_at_100_max": 0.474013,
        "nauc_recall_at_100_std": 0.34564,
        "nauc_recall_at_100_diff1": 0.321186,
        "nauc_recall_at_1000_max": 0.363083,
        "nauc_recall_at_1000_std": 0.477219,
        "nauc_recall_at_1000_diff1": -0.038791,
        "nauc_precision_at_1_max": -0.097055,
        "nauc_precision_at_1_std": -0.147265,
        "nauc_precision_at_1_diff1": 0.173462,
        "nauc_precision_at_3_max": -0.015208,
        "nauc_precision_at_3_std": -0.111749,
        "nauc_precision_at_3_diff1": 0.136437,
        "nauc_precision_at_5_max": 0.039775,
        "nauc_precision_at_5_std": -0.102922,
        "nauc_precision_at_5_diff1": 0.14013,
        "nauc_precision_at_10_max": 0.168239,
        "nauc_precision_at_10_std": 0.037721,
        "nauc_precision_at_10_diff1": 0.222797,
        "nauc_precision_at_20_max": 0.289231,
        "nauc_precision_at_20_std": 0.135228,
        "nauc_precision_at_20_diff1": 0.230257,
        "nauc_precision_at_100_max": 0.474013,
        "nauc_precision_at_100_std": 0.34564,
        "nauc_precision_at_100_diff1": 0.321186,
        "nauc_precision_at_1000_max": 0.363083,
        "nauc_precision_at_1000_std": 0.477219,
        "nauc_precision_at_1000_diff1": -0.038791,
        "nauc_mrr_at_1_max": -0.101736,
        "nauc_mrr_at_1_std": -0.148814,
        "nauc_mrr_at_1_diff1": 0.156104,
        "nauc_mrr_at_3_max": -0.080941,
        "nauc_mrr_at_3_std": -0.136813,
        "nauc_mrr_at_3_diff1": 0.133224,
        "nauc_mrr_at_5_max": -0.073595,
        "nauc_mrr_at_5_std": -0.136689,
        "nauc_mrr_at_5_diff1": 0.135576,
        "nauc_mrr_at_10_max": -0.071509,
        "nauc_mrr_at_10_std": -0.130805,
        "nauc_mrr_at_10_diff1": 0.140528,
        "nauc_mrr_at_20_max": -0.073309,
        "nauc_mrr_at_20_std": -0.131763,
        "nauc_mrr_at_20_diff1": 0.139218,
        "nauc_mrr_at_100_max": -0.074674,
        "nauc_mrr_at_100_std": -0.132443,
        "nauc_mrr_at_100_diff1": 0.138892,
        "nauc_mrr_at_1000_max": -0.074741,
        "nauc_mrr_at_1000_std": -0.132485,
        "nauc_mrr_at_1000_diff1": 0.138846,
        "main_score": 0.6362,
        "hf_subset": "default",
        "languages": [
          "eng-Latn"
        ]
      }
    ]
  },
  "evaluation_time": 35.85279726982117,
  "kg_co2_emissions": null
}