{
  "dataset_revision": "c22ab2a51041ffd869aaddef7af8d8215647e41a",
  "task_name": "Aizip_Tesla_Manual",
  "mteb_version": "1.34.13",
  "scores": {
    "test": [
      {
        "ndcg_at_1": 0.22685,
        "ndcg_at_3": 0.3212,
        "ndcg_at_5": 0.35869,
        "ndcg_at_10": 0.39336,
        "ndcg_at_20": 0.41794,
        "ndcg_at_100": 0.45877,
        "ndcg_at_1000": 0.4716,
        "map_at_1": 0.22685,
        "map_at_3": 0.29732,
        "map_at_5": 0.31822,
        "map_at_10": 0.33262,
        "map_at_20": 0.33944,
        "map_at_100": 0.3452,
        "map_at_1000": 0.34575,
        "recall_at_1": 0.22685,
        "recall_at_3": 0.3906,
        "recall_at_5": 0.48121,
        "recall_at_10": 0.58792,
        "recall_at_20": 0.68456,
        "recall_at_100": 0.90336,
        "recall_at_1000": 1.0,
        "precision_at_1": 0.22685,
        "precision_at_3": 0.1302,
        "precision_at_5": 0.09624,
        "precision_at_10": 0.05879,
        "precision_at_20": 0.03423,
        "precision_at_100": 0.00903,
        "precision_at_1000": 0.001,
        "mrr_at_1": 0.226846,
        "mrr_at_3": 0.297315,
        "mrr_at_5": 0.318221,
        "mrr_at_10": 0.332616,
        "mrr_at_20": 0.339441,
        "mrr_at_100": 0.345196,
        "mrr_at_1000": 0.345747,
        "nauc_ndcg_at_1_max": 0.079472,
        "nauc_ndcg_at_1_std": -0.160506,
        "nauc_ndcg_at_1_diff1": 0.392891,
        "nauc_ndcg_at_3_max": 0.082386,
        "nauc_ndcg_at_3_std": -0.162373,
        "nauc_ndcg_at_3_diff1": 0.335575,
        "nauc_ndcg_at_5_max": 0.078062,
        "nauc_ndcg_at_5_std": -0.162295,
        "nauc_ndcg_at_5_diff1": 0.328178,
        "nauc_ndcg_at_10_max": 0.075656,
        "nauc_ndcg_at_10_std": -0.152049,
        "nauc_ndcg_at_10_diff1": 0.316142,
        "nauc_ndcg_at_20_max": 0.08415,
        "nauc_ndcg_at_20_std": -0.141815,
        "nauc_ndcg_at_20_diff1": 0.311518,
        "nauc_ndcg_at_100_max": 0.091022,
        "nauc_ndcg_at_100_std": -0.135362,
        "nauc_ndcg_at_100_diff1": 0.318958,
        "nauc_ndcg_at_1000_max": 0.084182,
        "nauc_ndcg_at_1000_std": -0.147968,
        "nauc_ndcg_at_1000_diff1": 0.327301,
        "nauc_map_at_1_max": 0.079472,
        "nauc_map_at_1_std": -0.160506,
        "nauc_map_at_1_diff1": 0.392891,
        "nauc_map_at_3_max": 0.081794,
        "nauc_map_at_3_std": -0.162571,
        "nauc_map_at_3_diff1": 0.347576,
        "nauc_map_at_5_max": 0.079419,
        "nauc_map_at_5_std": -0.162608,
        "nauc_map_at_5_diff1": 0.343442,
        "nauc_map_at_10_max": 0.078048,
        "nauc_map_at_10_std": -0.158772,
        "nauc_map_at_10_diff1": 0.338222,
        "nauc_map_at_20_max": 0.080412,
        "nauc_map_at_20_std": -0.156377,
        "nauc_map_at_20_diff1": 0.336923,
        "nauc_map_at_100_max": 0.081326,
        "nauc_map_at_100_std": -0.155373,
        "nauc_map_at_100_diff1": 0.338284,
        "nauc_map_at_1000_max": 0.081111,
        "nauc_map_at_1000_std": -0.155853,
        "nauc_map_at_1000_diff1": 0.338671,
        "nauc_recall_at_1_max": 0.079472,
        "nauc_recall_at_1_std": -0.160506,
        "nauc_recall_at_1_diff1": 0.392891,
        "nauc_recall_at_3_max": 0.083933,
        "nauc_recall_at_3_std": -0.161618,
        "nauc_recall_at_3_diff1": 0.304123,
        "nauc_recall_at_5_max": 0.073705,
        "nauc_recall_at_5_std": -0.161108,
        "nauc_recall_at_5_diff1": 0.286385,
        "nauc_recall_at_10_max": 0.067831,
        "nauc_recall_at_10_std": -0.126655,
        "nauc_recall_at_10_diff1": 0.246499,
        "nauc_recall_at_20_max": 0.104746,
        "nauc_recall_at_20_std": -0.072501,
        "nauc_recall_at_20_diff1": 0.214799,
        "nauc_recall_at_100_max": 0.242264,
        "nauc_recall_at_100_std": 0.130064,
        "nauc_recall_at_100_diff1": 0.151766,
        "nauc_recall_at_1000_max": NaN,
        "nauc_recall_at_1000_std": NaN,
        "nauc_recall_at_1000_diff1": NaN,
        "nauc_precision_at_1_max": 0.079472,
        "nauc_precision_at_1_std": -0.160506,
        "nauc_precision_at_1_diff1": 0.392891,
        "nauc_precision_at_3_max": 0.083933,
        "nauc_precision_at_3_std": -0.161618,
        "nauc_precision_at_3_diff1": 0.304123,
        "nauc_precision_at_5_max": 0.073705,
        "nauc_precision_at_5_std": -0.161108,
        "nauc_precision_at_5_diff1": 0.286385,
        "nauc_precision_at_10_max": 0.067831,
        "nauc_precision_at_10_std": -0.126655,
        "nauc_precision_at_10_diff1": 0.246499,
        "nauc_precision_at_20_max": 0.104746,
        "nauc_precision_at_20_std": -0.072501,
        "nauc_precision_at_20_diff1": 0.214799,
        "nauc_precision_at_100_max": 0.242264,
        "nauc_precision_at_100_std": 0.130064,
        "nauc_precision_at_100_diff1": 0.151766,
        "nauc_precision_at_1000_max": 1.0,
        "nauc_precision_at_1000_std": 1.0,
        "nauc_precision_at_1000_diff1": 1.0,
        "nauc_mrr_at_1_max": 0.079472,
        "nauc_mrr_at_1_std": -0.160506,
        "nauc_mrr_at_1_diff1": 0.392891,
        "nauc_mrr_at_3_max": 0.081794,
        "nauc_mrr_at_3_std": -0.162571,
        "nauc_mrr_at_3_diff1": 0.347576,
        "nauc_mrr_at_5_max": 0.079419,
        "nauc_mrr_at_5_std": -0.162608,
        "nauc_mrr_at_5_diff1": 0.343442,
        "nauc_mrr_at_10_max": 0.078048,
        "nauc_mrr_at_10_std": -0.158772,
        "nauc_mrr_at_10_diff1": 0.338222,
        "nauc_mrr_at_20_max": 0.080412,
        "nauc_mrr_at_20_std": -0.156377,
        "nauc_mrr_at_20_diff1": 0.336923,
        "nauc_mrr_at_100_max": 0.081326,
        "nauc_mrr_at_100_std": -0.155373,
        "nauc_mrr_at_100_diff1": 0.338284,
        "nauc_mrr_at_1000_max": 0.081111,
        "nauc_mrr_at_1000_std": -0.155853,
        "nauc_mrr_at_1000_diff1": 0.338671,
        "main_score": 0.39336,
        "hf_subset": "default",
        "languages": [
          "eng-Latn"
        ]
      }
    ]
  },
  "evaluation_time": 8.738717555999756,
  "kg_co2_emissions": null
}