{
  "dataset_revision": "c22ab2a51041ffd869aaddef7af8d8215647e41a",
  "task_name": "Aizip_Tesla_Manual",
  "mteb_version": "1.34.13",
  "scores": {
    "test": [
      {
        "ndcg_at_1": 0.61477,
        "ndcg_at_3": 0.75398,
        "ndcg_at_5": 0.78069,
        "ndcg_at_10": 0.79513,
        "ndcg_at_20": 0.79923,
        "ndcg_at_100": 0.80377,
        "ndcg_at_1000": 0.80404,
        "map_at_1": 0.61477,
        "map_at_3": 0.72036,
        "map_at_5": 0.73529,
        "map_at_10": 0.74131,
        "map_at_20": 0.74245,
        "map_at_100": 0.74325,
        "map_at_1000": 0.74326,
        "recall_at_1": 0.61477,
        "recall_at_3": 0.85101,
        "recall_at_5": 0.91544,
        "recall_at_10": 0.95973,
        "recall_at_20": 0.97584,
        "recall_at_100": 0.99799,
        "recall_at_1000": 1.0,
        "precision_at_1": 0.61477,
        "precision_at_3": 0.28367,
        "precision_at_5": 0.18309,
        "precision_at_10": 0.09597,
        "precision_at_20": 0.04879,
        "precision_at_100": 0.00998,
        "precision_at_1000": 0.001,
        "mrr_at_1": 0.614765,
        "mrr_at_3": 0.720358,
        "mrr_at_5": 0.735291,
        "mrr_at_10": 0.741309,
        "mrr_at_20": 0.742452,
        "mrr_at_100": 0.743248,
        "mrr_at_1000": 0.743261,
        "nauc_ndcg_at_1_max": 0.254012,
        "nauc_ndcg_at_1_std": -0.159862,
        "nauc_ndcg_at_1_diff1": 0.609802,
        "nauc_ndcg_at_3_max": 0.315156,
        "nauc_ndcg_at_3_std": -0.212618,
        "nauc_ndcg_at_3_diff1": 0.591052,
        "nauc_ndcg_at_5_max": 0.322339,
        "nauc_ndcg_at_5_std": -0.216289,
        "nauc_ndcg_at_5_diff1": 0.58952,
        "nauc_ndcg_at_10_max": 0.319651,
        "nauc_ndcg_at_10_std": -0.205339,
        "nauc_ndcg_at_10_diff1": 0.596731,
        "nauc_ndcg_at_20_max": 0.318403,
        "nauc_ndcg_at_20_std": -0.195133,
        "nauc_ndcg_at_20_diff1": 0.597413,
        "nauc_ndcg_at_100_max": 0.305854,
        "nauc_ndcg_at_100_std": -0.189326,
        "nauc_ndcg_at_100_diff1": 0.595564,
        "nauc_ndcg_at_1000_max": 0.304778,
        "nauc_ndcg_at_1000_std": -0.188987,
        "nauc_ndcg_at_1000_diff1": 0.595498,
        "nauc_map_at_1_max": 0.254012,
        "nauc_map_at_1_std": -0.159862,
        "nauc_map_at_1_diff1": 0.609802,
        "nauc_map_at_3_max": 0.297862,
        "nauc_map_at_3_std": -0.19105,
        "nauc_map_at_3_diff1": 0.594578,
        "nauc_map_at_5_max": 0.30067,
        "nauc_map_at_5_std": -0.191167,
        "nauc_map_at_5_diff1": 0.594101,
        "nauc_map_at_10_max": 0.299173,
        "nauc_map_at_10_std": -0.18719,
        "nauc_map_at_10_diff1": 0.596544,
        "nauc_map_at_20_max": 0.298957,
        "nauc_map_at_20_std": -0.184669,
        "nauc_map_at_20_diff1": 0.596724,
        "nauc_map_at_100_max": 0.297211,
        "nauc_map_at_100_std": -0.183776,
        "nauc_map_at_100_diff1": 0.596367,
        "nauc_map_at_1000_max": 0.297171,
        "nauc_map_at_1000_std": -0.183753,
        "nauc_map_at_1000_diff1": 0.596367,
        "nauc_recall_at_1_max": 0.254012,
        "nauc_recall_at_1_std": -0.159862,
        "nauc_recall_at_1_diff1": 0.609802,
        "nauc_recall_at_3_max": 0.396008,
        "nauc_recall_at_3_std": -0.318477,
        "nauc_recall_at_3_diff1": 0.575909,
        "nauc_recall_at_5_max": 0.484812,
        "nauc_recall_at_5_std": -0.41411,
        "nauc_recall_at_5_diff1": 0.556982,
        "nauc_recall_at_10_max": 0.628221,
        "nauc_recall_at_10_std": -0.476611,
        "nauc_recall_at_10_diff1": 0.619024,
        "nauc_recall_at_20_max": 0.788645,
        "nauc_recall_at_20_std": -0.391301,
        "nauc_recall_at_20_diff1": 0.650742,
        "nauc_recall_at_100_max": 0.956427,
        "nauc_recall_at_100_std": -0.34127,
        "nauc_recall_at_100_diff1": 0.64986,
        "nauc_recall_at_1000_max": NaN,
        "nauc_recall_at_1000_std": NaN,
        "nauc_recall_at_1000_diff1": NaN,
        "nauc_precision_at_1_max": 0.254012,
        "nauc_precision_at_1_std": -0.159862,
        "nauc_precision_at_1_diff1": 0.609802,
        "nauc_precision_at_3_max": 0.396008,
        "nauc_precision_at_3_std": -0.318477,
        "nauc_precision_at_3_diff1": 0.575909,
        "nauc_precision_at_5_max": 0.484812,
        "nauc_precision_at_5_std": -0.41411,
        "nauc_precision_at_5_diff1": 0.556982,
        "nauc_precision_at_10_max": 0.628221,
        "nauc_precision_at_10_std": -0.476611,
        "nauc_precision_at_10_diff1": 0.619024,
        "nauc_precision_at_20_max": 0.788645,
        "nauc_precision_at_20_std": -0.391301,
        "nauc_precision_at_20_diff1": 0.650742,
        "nauc_precision_at_100_max": 0.956427,
        "nauc_precision_at_100_std": -0.34127,
        "nauc_precision_at_100_diff1": 0.64986,
        "nauc_precision_at_1000_max": 1.0,
        "nauc_precision_at_1000_std": 1.0,
        "nauc_precision_at_1000_diff1": 1.0,
        "nauc_mrr_at_1_max": 0.254012,
        "nauc_mrr_at_1_std": -0.159862,
        "nauc_mrr_at_1_diff1": 0.609802,
        "nauc_mrr_at_3_max": 0.297862,
        "nauc_mrr_at_3_std": -0.19105,
        "nauc_mrr_at_3_diff1": 0.594578,
        "nauc_mrr_at_5_max": 0.30067,
        "nauc_mrr_at_5_std": -0.191167,
        "nauc_mrr_at_5_diff1": 0.594101,
        "nauc_mrr_at_10_max": 0.299173,
        "nauc_mrr_at_10_std": -0.18719,
        "nauc_mrr_at_10_diff1": 0.596544,
        "nauc_mrr_at_20_max": 0.298957,
        "nauc_mrr_at_20_std": -0.184669,
        "nauc_mrr_at_20_diff1": 0.596724,
        "nauc_mrr_at_100_max": 0.297211,
        "nauc_mrr_at_100_std": -0.183776,
        "nauc_mrr_at_100_diff1": 0.596367,
        "nauc_mrr_at_1000_max": 0.297171,
        "nauc_mrr_at_1000_std": -0.183753,
        "nauc_mrr_at_1000_diff1": 0.596367,
        "main_score": 0.79513,
        "hf_subset": "default",
        "languages": [
          "eng-Latn"
        ]
      }
    ]
  },
  "evaluation_time": 8.995807647705078,
  "kg_co2_emissions": null
}